Id,Agreement Number,Name,Co Applicant Name,Co Applicant Number,Merchant  Name,Lender Name,Email,Phone,Amount,First EMI Date,Nach Status,Advisor,Collection Executive,Current City,Current State,Caller,Due Date,Pincode
123,agn123,test1,cpname 1,7972861253,mchna 1,lender 1,n@gmail.com,7972861253,1234444,2023-03-12,ausdi,nik,undefined,andh,maha,nim,2023-12-10,400051
124,agn124,test2,cpname 2,7972861253,mchna 2,lender 2,n@gmail.com,7972861253,1234444,2023-03-13,ausdi,nik,undefined,andh,maha,nim,2023-12-11,400051
125,agn125,test3,cpname 3,7972861253,mchna 3,lender 3,n@gmail.com,7972861253,1234444,2023-03-14,ausdi,nik,undefined,andh,maha,nim,2023-12-12,400051
126,agn126,test4,cpname 4,7972861253,mchna 4,lender 4,n@gmail.com,7972861253,1234444,2023-03-15,ausdi,nik,undefined,andh,maha,nim,2023-12-13,400051
127,agn127,test5,cpname 5,7972861253,mchna 5,lender 5,n@gmail.com,7972861253,1234444,2023-03-16,ausdi,nik,undefined,andh,maha,nim,2023-12-14,400051
128,agn128,test6,cpname 6,7972861253,mchna 6,lender 6,n@gmail.com,7972861253,1234444,2023-03-17,ausdi,nik,undefined,andh,maha,nim,2023-12-15,400051
129,agn129,test7,cpname 7,7972861253,mchna 7,lender 7,n@gmail.com,7972861253,1234444,2023-03-18,ausdi,nik,undefined,andh,maha,nim,2023-12-16,400051
130,agn130,test8,cpname 8,7972861253,mchna 8,lender 8,n@gmail.com,7972861253,1234444,2023-03-19,ausdi,nik,undefined,andh,maha,nim,2023-12-17,400051
131,agn131,test9,cpname 9,7972861253,mchna 9,lender 9,n@gmail.com,7972861253,1234444,2023-03-20,ausdi,nik,undefined,andh,maha,nim,2023-12-18,400051
132,agn132,test10,cpname 10,7972861253,mchna 10,lender 10,n@gmail.com,7972861253,1234444,2023-03-21,ausdi,nik,undefined,andh,maha,nim,2023-12-19,400051
133,agn133,test11,cpname 11,7972861253,mchna 11,lender 11,n@gmail.com,7972861253,1234444,2023-03-22,ausdi,nik,undefined,andh,maha,nim,2023-12-20,400051
134,agn134,test12,cpname 12,7972861253,mchna 12,lender 12,n@gmail.com,7972861253,1234444,2023-03-23,ausdi,nik,undefined,andh,maha,nim,2023-12-21,400051
135,agn135,test13,cpname 13,7972861253,mchna 13,lender 13,n@gmail.com,7972861253,1234444,2023-03-24,ausdi,nik,undefined,andh,maha,nim,2023-12-22,400051
136,agn136,test14,cpname 14,7972861253,mchna 14,lender 14,n@gmail.com,7972861253,1234444,2023-03-25,ausdi,nik,undefined,andh,maha,nim,2023-12-23,400051
137,agn137,test15,cpname 15,7972861253,mchna 15,lender 15,n@gmail.com,7972861253,1234444,2023-03-26,ausdi,nik,undefined,andh,maha,nim,2023-12-24,400051
138,agn138,test16,cpname 16,7972861253,mchna 16,lender 16,n@gmail.com,7972861253,1234444,2023-03-27,ausdi,nik,undefined,andh,maha,nim,2023-12-25,400051
139,agn139,test17,cpname 17,7972861253,mchna 17,lender 17,n@gmail.com,7972861253,1234444,2023-03-28,ausdi,nik,undefined,andh,maha,nim,2023-12-26,400051
140,agn140,test18,cpname 18,7972861253,mchna 18,lender 18,n@gmail.com,7972861253,1234444,2023-03-29,ausdi,nik,undefined,andh,maha,nim,2023-12-27,400051
141,agn141,test19,cpname 19,7972861253,mchna 19,lender 19,n@gmail.com,7972861253,1234444,2023-03-30,ausdi,nik,undefined,andh,maha,nim,2023-12-28,400051
142,agn142,test20,cpname 20,7972861253,mchna 20,lender 20,n@gmail.com,7972861253,1234444,2023-03-31,ausdi,nik,undefined,andh,maha,nim,2023-12-29,400051
143,agn143,test21,cpname 21,7972861253,mchna 21,lender 21,n@gmail.com,7972861253,1234444,2023-04-01,ausdi,nik,undefined,andh,maha,nim,2023-12-30,400051
144,agn144,test22,cpname 22,7972861253,mchna 22,lender 22,n@gmail.com,7972861253,1234444,2023-04-02,ausdi,nik,undefined,andh,maha,nim,2023-12-31,400051
145,agn145,test23,cpname 23,7972861253,mchna 23,lender 23,n@gmail.com,7972861253,1234444,2023-04-03,ausdi,nik,undefined,andh,maha,nim,2024-01-01,400051
146,agn146,test24,cpname 24,7972861253,mchna 24,lender 24,n@gmail.com,7972861253,1234444,2023-04-04,ausdi,nik,undefined,andh,maha,nim,2024-01-02,400051
147,agn147,test25,cpname 25,7972861253,mchna 25,lender 25,n@gmail.com,7972861253,1234444,2023-04-05,ausdi,nik,undefined,andh,maha,nim,2024-01-03,400051
148,agn148,test26,cpname 26,7972861253,mchna 26,lender 26,n@gmail.com,7972861253,1234444,2023-04-06,ausdi,nik,undefined,andh,maha,nim,2024-01-04,400051
149,agn149,test27,cpname 27,7972861253,mchna 27,lender 27,n@gmail.com,7972861253,1234444,2023-04-07,ausdi,nik,undefined,andh,maha,nim,2024-01-05,400051
150,agn150,test28,cpname 28,7972861253,mchna 28,lender 28,n@gmail.com,7972861253,1234444,2023-04-08,ausdi,nik,undefined,andh,maha,nim,2024-01-06,400051
151,agn151,test29,cpname 29,7972861253,mchna 29,lender 29,n@gmail.com,7972861253,1234444,2023-04-09,ausdi,nik,undefined,andh,maha,nim,2024-01-07,400051
152,agn152,test30,cpname 30,7972861253,mchna 30,lender 30,n@gmail.com,7972861253,1234444,2023-04-10,ausdi,nik,undefined,andh,maha,nim,2024-01-08,400051
153,agn153,test31,cpname 31,7972861253,mchna 31,lender 31,n@gmail.com,7972861253,1234444,2023-04-11,ausdi,nik,undefined,andh,maha,nim,2024-01-09,400051
154,agn154,test32,cpname 32,7972861253,mchna 32,lender 32,n@gmail.com,7972861253,1234444,2023-04-12,ausdi,nik,undefined,andh,maha,nim,2024-01-10,400051
155,agn155,test33,cpname 33,7972861253,mchna 33,lender 33,n@gmail.com,7972861253,1234444,2023-04-13,ausdi,nik,undefined,andh,maha,nim,2024-01-11,400051
156,agn156,test34,cpname 34,7972861253,mchna 34,lender 34,n@gmail.com,7972861253,1234444,2023-04-14,ausdi,nik,undefined,andh,maha,nim,2024-01-12,400051
157,agn157,test35,cpname 35,7972861253,mchna 35,lender 35,n@gmail.com,7972861253,1234444,2023-04-15,ausdi,nik,undefined,andh,maha,nim,2024-01-13,400051
158,agn158,test36,cpname 36,7972861253,mchna 36,lender 36,n@gmail.com,7972861253,1234444,2023-04-16,ausdi,nik,undefined,andh,maha,nim,2024-01-14,400051
159,agn159,test37,cpname 37,7972861253,mchna 37,lender 37,n@gmail.com,7972861253,1234444,2023-04-17,ausdi,nik,undefined,andh,maha,nim,2024-01-15,400051
160,agn160,test38,cpname 38,7972861253,mchna 38,lender 38,n@gmail.com,7972861253,1234444,2023-04-18,ausdi,nik,undefined,andh,maha,nim,2024-01-16,400051
161,agn161,test39,cpname 39,7972861253,mchna 39,lender 39,n@gmail.com,7972861253,1234444,2023-04-19,ausdi,nik,undefined,andh,maha,nim,2024-01-17,400051
162,agn162,test40,cpname 40,7972861253,mchna 40,lender 40,n@gmail.com,7972861253,1234444,2023-04-20,ausdi,nik,undefined,andh,maha,nim,2024-01-18,400051
163,agn163,test41,cpname 41,7972861253,mchna 41,lender 41,n@gmail.com,7972861253,1234444,2023-04-21,ausdi,nik,undefined,andh,maha,nim,2024-01-19,400051
164,agn164,test42,cpname 42,7972861253,mchna 42,lender 42,n@gmail.com,7972861253,1234444,2023-04-22,ausdi,nik,undefined,andh,maha,nim,2024-01-20,400051
165,agn165,test43,cpname 43,7972861253,mchna 43,lender 43,n@gmail.com,7972861253,1234444,2023-04-23,ausdi,nik,undefined,andh,maha,nim,2024-01-21,400051
166,agn166,test44,cpname 44,7972861253,mchna 44,lender 44,n@gmail.com,7972861253,1234444,2023-04-24,ausdi,nik,undefined,andh,maha,nim,2024-01-22,400051
167,agn167,test45,cpname 45,7972861253,mchna 45,lender 45,n@gmail.com,7972861253,1234444,2023-04-25,ausdi,nik,undefined,andh,maha,nim,2024-01-23,400051
168,agn168,test46,cpname 46,7972861253,mchna 46,lender 46,n@gmail.com,7972861253,1234444,2023-04-26,ausdi,nik,undefined,andh,maha,nim,2024-01-24,400051
169,agn169,test47,cpname 47,7972861253,mchna 47,lender 47,n@gmail.com,7972861253,1234444,2023-04-27,ausdi,nik,undefined,andh,maha,nim,2024-01-25,400051
170,agn170,test48,cpname 48,7972861253,mchna 48,lender 48,n@gmail.com,7972861253,1234444,2023-04-28,ausdi,nik,undefined,andh,maha,nim,2024-01-26,400051
171,agn171,test49,cpname 49,7972861253,mchna 49,lender 49,n@gmail.com,7972861253,1234444,2023-04-29,ausdi,nik,undefined,andh,maha,nim,2024-01-27,400051
172,agn172,test50,cpname 50,7972861253,mchna 50,lender 50,n@gmail.com,7972861253,1234444,2023-04-30,ausdi,nik,undefined,andh,maha,nim,2024-01-28,400051
173,agn173,test51,cpname 51,7972861253,mchna 51,lender 51,n@gmail.com,7972861253,1234444,2023-05-01,ausdi,nik,undefined,andh,maha,nim,2024-01-29,400051
174,agn174,test52,cpname 52,7972861253,mchna 52,lender 52,n@gmail.com,7972861253,1234444,2023-05-02,ausdi,nik,undefined,andh,maha,nim,2024-01-30,400051
175,agn175,test53,cpname 53,7972861253,mchna 53,lender 53,n@gmail.com,7972861253,1234444,2023-05-03,ausdi,nik,undefined,andh,maha,nim,2024-01-31,400051
176,agn176,test54,cpname 54,7972861253,mchna 54,lender 54,n@gmail.com,7972861253,1234444,2023-05-04,ausdi,nik,undefined,andh,maha,nim,2024-02-01,400051
177,agn177,test55,cpname 55,7972861253,mchna 55,lender 55,n@gmail.com,7972861253,1234444,2023-05-05,ausdi,nik,undefined,andh,maha,nim,2024-02-02,400051
178,agn178,test56,cpname 56,7972861253,mchna 56,lender 56,n@gmail.com,7972861253,1234444,2023-05-06,ausdi,nik,undefined,andh,maha,nim,2024-02-03,400051
179,agn179,test57,cpname 57,7972861253,mchna 57,lender 57,n@gmail.com,7972861253,1234444,2023-05-07,ausdi,nik,undefined,andh,maha,nim,2024-02-04,400051
180,agn180,test58,cpname 58,7972861253,mchna 58,lender 58,n@gmail.com,7972861253,1234444,2023-05-08,ausdi,nik,undefined,andh,maha,nim,2024-02-05,400051
181,agn181,test59,cpname 59,7972861253,mchna 59,lender 59,n@gmail.com,7972861253,1234444,2023-05-09,ausdi,nik,undefined,andh,maha,nim,2024-02-06,400051
182,agn182,test60,cpname 60,7972861253,mchna 60,lender 60,n@gmail.com,7972861253,1234444,2023-05-10,ausdi,nik,undefined,andh,maha,nim,2024-02-07,400051
183,agn183,test61,cpname 61,7972861253,mchna 61,lender 61,n@gmail.com,7972861253,1234444,2023-05-11,ausdi,nik,undefined,andh,maha,nim,2024-02-08,400051
184,agn184,test62,cpname 62,7972861253,mchna 62,lender 62,n@gmail.com,7972861253,1234444,2023-05-12,ausdi,nik,undefined,andh,maha,nim,2024-02-09,400051
185,agn185,test63,cpname 63,7972861253,mchna 63,lender 63,n@gmail.com,7972861253,1234444,2023-05-13,ausdi,nik,undefined,andh,maha,nim,2024-02-10,400051
186,agn186,test64,cpname 64,7972861253,mchna 64,lender 64,n@gmail.com,7972861253,1234444,2023-05-14,ausdi,nik,undefined,andh,maha,nim,2024-02-11,400051
187,agn187,test65,cpname 65,7972861253,mchna 65,lender 65,n@gmail.com,7972861253,1234444,2023-05-15,ausdi,nik,undefined,andh,maha,nim,2024-02-12,400051
188,agn188,test66,cpname 66,7972861253,mchna 66,lender 66,n@gmail.com,7972861253,1234444,2023-05-16,ausdi,nik,undefined,andh,maha,nim,2024-02-13,400051
189,agn189,test67,cpname 67,7972861253,mchna 67,lender 67,n@gmail.com,7972861253,1234444,2023-05-17,ausdi,nik,undefined,andh,maha,nim,2024-02-14,400051
190,agn190,test68,cpname 68,7972861253,mchna 68,lender 68,n@gmail.com,7972861253,1234444,2023-05-18,ausdi,nik,undefined,andh,maha,nim,2024-02-15,400051
191,agn191,test69,cpname 69,7972861253,mchna 69,lender 69,n@gmail.com,7972861253,1234444,2023-05-19,ausdi,nik,undefined,andh,maha,nim,2024-02-16,400051
192,agn192,test70,cpname 70,7972861253,mchna 70,lender 70,n@gmail.com,7972861253,1234444,2023-05-20,ausdi,nik,undefined,andh,maha,nim,2024-02-17,400051
193,agn193,test71,cpname 71,7972861253,mchna 71,lender 71,n@gmail.com,7972861253,1234444,2023-05-21,ausdi,nik,undefined,andh,maha,nim,2024-02-18,400051
194,agn194,test72,cpname 72,7972861253,mchna 72,lender 72,n@gmail.com,7972861253,1234444,2023-05-22,ausdi,nik,undefined,andh,maha,nim,2024-02-19,400051
195,agn195,test73,cpname 73,7972861253,mchna 73,lender 73,n@gmail.com,7972861253,1234444,2023-05-23,ausdi,nik,undefined,andh,maha,nim,2024-02-20,400051
196,agn196,test74,cpname 74,7972861253,mchna 74,lender 74,n@gmail.com,7972861253,1234444,2023-05-24,ausdi,nik,undefined,andh,maha,nim,2024-02-21,400051
197,agn197,test75,cpname 75,7972861253,mchna 75,lender 75,n@gmail.com,7972861253,1234444,2023-05-25,ausdi,nik,undefined,andh,maha,nim,2024-02-22,400051
198,agn198,test76,cpname 76,7972861253,mchna 76,lender 76,n@gmail.com,7972861253,1234444,2023-05-26,ausdi,nik,undefined,andh,maha,nim,2024-02-23,400051
199,agn199,test77,cpname 77,7972861253,mchna 77,lender 77,n@gmail.com,7972861253,1234444,2023-05-27,ausdi,nik,undefined,andh,maha,nim,2024-02-24,400051
200,agn200,test78,cpname 78,7972861253,mchna 78,lender 78,n@gmail.com,7972861253,1234444,2023-05-28,ausdi,nik,undefined,andh,maha,nim,2024-02-25,400051
201,agn201,test79,cpname 79,7972861253,mchna 79,lender 79,n@gmail.com,7972861253,1234444,2023-05-29,ausdi,nik,undefined,andh,maha,nim,2024-02-26,400051
202,agn202,test80,cpname 80,7972861253,mchna 80,lender 80,n@gmail.com,7972861253,1234444,2023-05-30,ausdi,nik,undefined,andh,maha,nim,2024-02-27,400051
203,agn203,test81,cpname 81,7972861253,mchna 81,lender 81,n@gmail.com,7972861253,1234444,2023-05-31,ausdi,nik,undefined,andh,maha,nim,2024-02-28,400051
204,agn204,test82,cpname 82,7972861253,mchna 82,lender 82,n@gmail.com,7972861253,1234444,2023-06-01,ausdi,nik,undefined,andh,maha,nim,2024-02-29,400051
205,agn205,test83,cpname 83,7972861253,mchna 83,lender 83,n@gmail.com,7972861253,1234444,2023-06-02,ausdi,nik,undefined,andh,maha,nim,2024-03-01,400051
206,agn206,test84,cpname 84,7972861253,mchna 84,lender 84,n@gmail.com,7972861253,1234444,2023-06-03,ausdi,nik,undefined,andh,maha,nim,2024-03-02,400051
207,agn207,test85,cpname 85,7972861253,mchna 85,lender 85,n@gmail.com,7972861253,1234444,2023-06-04,ausdi,nik,undefined,andh,maha,nim,2024-03-03,400051
208,agn208,test86,cpname 86,7972861253,mchna 86,lender 86,n@gmail.com,7972861253,1234444,2023-06-05,ausdi,nik,undefined,andh,maha,nim,2024-03-04,400051
209,agn209,test87,cpname 87,7972861253,mchna 87,lender 87,n@gmail.com,7972861253,1234444,2023-06-06,ausdi,nik,undefined,andh,maha,nim,2024-03-05,400051
210,agn210,test88,cpname 88,7972861253,mchna 88,lender 88,n@gmail.com,7972861253,1234444,2023-06-07,ausdi,nik,undefined,andh,maha,nim,2024-03-06,400051
211,agn211,test89,cpname 89,7972861253,mchna 89,lender 89,n@gmail.com,7972861253,1234444,2023-06-08,ausdi,nik,undefined,andh,maha,nim,2024-03-07,400051
212,agn212,test90,cpname 90,7972861253,mchna 90,lender 90,n@gmail.com,7972861253,1234444,2023-06-09,ausdi,nik,undefined,andh,maha,nim,2024-03-08,400051
213,agn213,test91,cpname 91,7972861253,mchna 91,lender 91,n@gmail.com,7972861253,1234444,2023-06-10,ausdi,nik,undefined,andh,maha,nim,2024-03-09,400051
214,agn214,test92,cpname 92,7972861253,mchna 92,lender 92,n@gmail.com,7972861253,1234444,2023-06-11,ausdi,nik,undefined,andh,maha,nim,2024-03-10,400051
215,agn215,test93,cpname 93,7972861253,mchna 93,lender 93,n@gmail.com,7972861253,1234444,2023-06-12,ausdi,nik,undefined,andh,maha,nim,2024-03-11,400051
216,agn216,test94,cpname 94,7972861253,mchna 94,lender 94,n@gmail.com,7972861253,1234444,2023-06-13,ausdi,nik,undefined,andh,maha,nim,2024-03-12,400051
217,agn217,test95,cpname 95,7972861253,mchna 95,lender 95,n@gmail.com,7972861253,1234444,2023-06-14,ausdi,nik,undefined,andh,maha,nim,2024-03-13,400051
218,agn218,test96,cpname 96,7972861253,mchna 96,lender 96,n@gmail.com,7972861253,1234444,2023-06-15,ausdi,nik,undefined,andh,maha,nim,2024-03-14,400051
219,agn219,test97,cpname 97,7972861253,mchna 97,lender 97,n@gmail.com,7972861253,1234444,2023-06-16,ausdi,nik,undefined,andh,maha,nim,2024-03-15,400051
220,agn220,test98,cpname 98,7972861253,mchna 98,lender 98,n@gmail.com,7972861253,1234444,2023-06-17,ausdi,nik,undefined,andh,maha,nim,2024-03-16,400051
221,agn221,test99,cpname 99,7972861253,mchna 99,lender 99,n@gmail.com,7972861253,1234444,2023-06-18,ausdi,nik,undefined,andh,maha,nim,2024-03-17,400051
222,agn222,test100,cpname 100,7972861253,mchna 100,lender 100,n@gmail.com,7972861253,1234444,2023-06-19,ausdi,nik,undefined,andh,maha,nim,2024-03-18,400051
223,agn223,test101,cpname 101,7972861253,mchna 101,lender 101,n@gmail.com,7972861253,1234444,2023-06-20,ausdi,nik,undefined,andh,maha,nim,2024-03-19,400051
224,agn224,test102,cpname 102,7972861253,mchna 102,lender 102,n@gmail.com,7972861253,1234444,2023-06-21,ausdi,nik,undefined,andh,maha,nim,2024-03-20,400051
225,agn225,test103,cpname 103,7972861253,mchna 103,lender 103,n@gmail.com,7972861253,1234444,2023-06-22,ausdi,nik,undefined,andh,maha,nim,2024-03-21,400051
226,agn226,test104,cpname 104,7972861253,mchna 104,lender 104,n@gmail.com,7972861253,1234444,2023-06-23,ausdi,nik,undefined,andh,maha,nim,2024-03-22,400051
227,agn227,test105,cpname 105,7972861253,mchna 105,lender 105,n@gmail.com,7972861253,1234444,2023-06-24,ausdi,nik,undefined,andh,maha,nim,2024-03-23,400051
228,agn228,test106,cpname 106,7972861253,mchna 106,lender 106,n@gmail.com,7972861253,1234444,2023-06-25,ausdi,nik,undefined,andh,maha,nim,2024-03-24,400051
229,agn229,test107,cpname 107,7972861253,mchna 107,lender 107,n@gmail.com,7972861253,1234444,2023-06-26,ausdi,nik,undefined,andh,maha,nim,2024-03-25,400051
230,agn230,test108,cpname 108,7972861253,mchna 108,lender 108,n@gmail.com,7972861253,1234444,2023-06-27,ausdi,nik,undefined,andh,maha,nim,2024-03-26,400051
231,agn231,test109,cpname 109,7972861253,mchna 109,lender 109,n@gmail.com,7972861253,1234444,2023-06-28,ausdi,nik,undefined,andh,maha,nim,2024-03-27,400051
232,agn232,test110,cpname 110,7972861253,mchna 110,lender 110,n@gmail.com,7972861253,1234444,2023-06-29,ausdi,nik,undefined,andh,maha,nim,2024-03-28,400051
233,agn233,test111,cpname 111,7972861253,mchna 111,lender 111,n@gmail.com,7972861253,1234444,2023-06-30,ausdi,nik,undefined,andh,maha,nim,2024-03-29,400051
234,agn234,test112,cpname 112,7972861253,mchna 112,lender 112,n@gmail.com,7972861253,1234444,2023-07-01,ausdi,nik,undefined,andh,maha,nim,2024-03-30,400051
235,agn235,test113,cpname 113,7972861253,mchna 113,lender 113,n@gmail.com,7972861253,1234444,2023-07-02,ausdi,nik,undefined,andh,maha,nim,2024-03-31,400051
236,agn236,test114,cpname 114,7972861253,mchna 114,lender 114,n@gmail.com,7972861253,1234444,2023-07-03,ausdi,nik,undefined,andh,maha,nim,2024-04-01,400051
